DELETE FROM J_COMMANDE_PRODUIT;
DELETE FROM J_USER_ROLE;
DELETE FROM PRODUIT;
DELETE FROM COMMANDE;
DELETE FROM SERVEUR;
DELETE FROM DOSSIER_ADM;
DELETE FROM ROLE;
DELETE FROM USER;

INSERT INTO DOSSIER_ADM(DOSSIER_ID,NUM_CNSS,SALAIRE) VALUES(1,12345,2000.00);
INSERT INTO SERVEUR(SERVEUR_ID,NOM,PRENOM,DOSSIER_ID) VALUES(1,'BOUZGA','Mountassir',1);

INSERT INTO COMMANDE(COMMANDE_ID,DATE,SERVEUR_ID) VALUES (1,NOW(),1);
INSERT INTO COMMANDE(COMMANDE_ID,DATE,SERVEUR_ID) VALUES (2,NOW(),1);
INSERT INTO COMMANDE(COMMANDE_ID,DATE,SERVEUR_ID) VALUES (3,NOW(),1);
INSERT INTO COMMANDE(COMMANDE_ID,DATE,SERVEUR_ID) VALUES (4,NOW(),1);

INSERT INTO PRODUIT(PRODUIT_ID,NOM,PRIX) VALUES(1,'Café noir',8.5);
INSERT INTO PRODUIT(PRODUIT_ID,NOM,PRIX) VALUES(2,'Café au lait',8.5);
INSERT INTO PRODUIT(PRODUIT_ID,NOM,PRIX) VALUES(3,'Jus citron',10.5);
INSERT INTO PRODUIT(PRODUIT_ID,NOM,PRIX) VALUES(4,'Thé',8.5);
INSERT INTO PRODUIT(PRODUIT_ID,NOM,PRIX) VALUES(5,'soda',9.5);

INSERT INTO USER(USER_ID,LOGIN,PASSWORD,USER_NAME) VALUES(1,'admin','123','ADMIN');
INSERT INTO USER(USER_ID,LOGIN,PASSWORD,USER_NAME) VALUES(2,'user','123','USER');

INSERT INTO ROLE(ROLE_ID,ROLE_NAME) VALUES(1,'ROLE_ADMIN');
INSERT INTO ROLE(ROLE_ID,ROLE_NAME) VALUES(2,'ROLE_USER');

INSERT INTO J_USER_ROLE(USER_ID,ROLE_ID) VALUES (1,1);
INSERT INTO J_USER_ROLE(USER_ID,ROLE_ID) VALUES (2,2);

INSERT INTO J_COMMANDE_PRODUIT(COMMANDE_ID,PRODUIT_ID) VALUES (1,1);
INSERT INTO J_COMMANDE_PRODUIT(COMMANDE_ID,PRODUIT_ID) VALUES (1,2);
INSERT INTO J_COMMANDE_PRODUIT(COMMANDE_ID,PRODUIT_ID) VALUES (1,3);
INSERT INTO J_COMMANDE_PRODUIT(COMMANDE_ID,PRODUIT_ID) VALUES (1,4);
INSERT INTO J_COMMANDE_PRODUIT(COMMANDE_ID,PRODUIT_ID) VALUES (1,5);

INSERT INTO J_COMMANDE_PRODUIT(COMMANDE_ID,PRODUIT_ID) VALUES (2,1);

COMMIT;